"logKow","log_inv_LC50"
0.164650648638186,-4.43448710954662
1.36925077424733,0.348194803531667
2.01267932661988,-1.41954037562318
